<Anims>
 <anim name="close" root="status_lonely" numframes="175" framerate="40">
  <frame idx="0" w="80" h="101" x="-25.325714" y="-32.325893">
   <element name="icon" layername="icon" frame="0" z_index="3" m_a="0.499985" m_b="0.000000" m_c="0.000000" m_d="0.499985" m_tx="0.000000" m_ty="0.000000"/>
  </frame>
  <frame idx="25" w="80" h="99" x="-25.336926" y="-33.531075">
   <element name="icon" layername="icon" frame="0" z_index="3" m_a="0.498942" m_b="0.000000" m_c="0.000000" m_d="0.479206" m_tx="0.036765" m_ty="0.000000"/>
  </frame>
  <frame idx="50" w="80" h="96" x="-25.435242" y="-36.348137">
   <element name="icon" layername="icon" frame="0" z_index="3" m_a="0.496517" m_b="0.000000" m_c="0.000000" m_d="0.430636" m_tx="0.050000" m_ty="0.000000"/>
  </frame>
  <frame idx="75" w="79" h="91" x="-25.606991" y="-40.692558">
   <element name="icon" layername="icon" frame="0" z_index="3" m_a="0.492783" m_b="0.000000" m_c="0.000000" m_d="0.355732" m_tx="0.050000" m_ty="0.000000"/>
  </frame>
  <frame idx="100" w="79" h="84" x="-25.858995" y="-47.072800">
   <element name="icon" layername="icon" frame="0" z_index="3" m_a="0.487305" m_b="0.000000" m_c="0.000000" m_d="0.245728" m_tx="0.050000" m_ty="0.000000"/>
  </frame>
  <frame idx="125" w="79" h="75" x="-26.228157" y="-55.505768">
   <element name="icon" layername="icon" frame="0" z_index="3" m_a="0.480079" m_b="0.000000" m_c="0.000000" m_d="0.100332" m_tx="0.013235" m_ty="0.000000"/>
  </frame>
  <frame idx="150" w="79" h="79" x="-26.110060" y="-52.186310">
   <element name="icon" layername="icon" frame="0" z_index="3" m_a="0.482934" m_b="0.000000" m_c="0.000000" m_d="0.157564" m_tx="0.000000" m_ty="0.000000"/>
  </frame>
 </anim>
 <anim name="frame" root="status_lonely" numframes="725" framerate="40">
  <frame idx="0" w="80" h="101" x="-25.325714" y="-32.325893">
   <element name="icon" layername="icon" frame="0" z_index="3" m_a="0.499985" m_b="0.000000" m_c="0.000000" m_d="0.499985" m_tx="0.000000" m_ty="0.000000"/>
  </frame>
  <frame idx="25" w="80" h="101" x="-25.325714" y="-32.325893">
   <element name="icon" layername="icon" frame="0" z_index="3" m_a="0.499985" m_b="0.000000" m_c="0.000000" m_d="0.499985" m_tx="0.000000" m_ty="0.000000"/>
  </frame>
  <frame idx="50" w="80" h="101" x="-25.325714" y="-32.325893">
   <element name="icon" layername="icon" frame="0" z_index="3" m_a="0.499985" m_b="0.000000" m_c="0.000000" m_d="0.499985" m_tx="0.000000" m_ty="0.000000"/>
  </frame>
  <frame idx="75" w="80" h="101" x="-25.325714" y="-32.325893">
   <element name="icon" layername="icon" frame="0" z_index="3" m_a="0.499985" m_b="0.000000" m_c="0.000000" m_d="0.499985" m_tx="0.000000" m_ty="0.000000"/>
  </frame>
  <frame idx="100" w="80" h="101" x="-25.325714" y="-32.325893">
   <element name="icon" layername="icon" frame="0" z_index="3" m_a="0.499985" m_b="0.000000" m_c="0.000000" m_d="0.499985" m_tx="0.000000" m_ty="0.000000"/>
  </frame>
  <frame idx="125" w="80" h="101" x="-25.325714" y="-32.325893">
   <element name="icon" layername="icon" frame="0" z_index="3" m_a="0.499985" m_b="0.000000" m_c="0.000000" m_d="0.499985" m_tx="0.000000" m_ty="0.000000"/>
  </frame>
  <frame idx="150" w="80" h="101" x="-25.325714" y="-32.325893">
   <element name="icon" layername="icon" frame="0" z_index="3" m_a="0.499985" m_b="0.000000" m_c="0.000000" m_d="0.499985" m_tx="0.000000" m_ty="0.000000"/>
  </frame>
  <frame idx="175" w="80" h="101" x="-25.157677" y="-32.383469">
   <element name="icon" layername="icon" frame="0" z_index="3" m_a="0.499985" m_b="0.000000" m_c="0.000000" m_d="0.499985" m_tx="0.168037" m_ty="-0.057576"/>
  </frame>
  <frame idx="200" w="76" h="101" x="-24.224640" y="-32.325882">
   <element name="icon" layername="icon" frame="1" z_index="3" m_a="0.499985" m_b="0.000000" m_c="0.000000" m_d="0.499985" m_tx="1.326032" m_ty="-0.475004"/>
  </frame>
  <frame idx="225" w="76" h="101" x="-24.224640" y="-32.325882">
   <element name="icon" layername="icon" frame="1" z_index="3" m_a="0.499985" m_b="0.000000" m_c="0.000000" m_d="0.499985" m_tx="1.326032" m_ty="-0.475004"/>
  </frame>
  <frame idx="250" w="76" h="101" x="-24.224640" y="-32.325882">
   <element name="icon" layername="icon" frame="1" z_index="3" m_a="0.499985" m_b="0.000000" m_c="0.000000" m_d="0.499985" m_tx="1.326032" m_ty="-0.475004"/>
  </frame>
  <frame idx="275" w="76" h="101" x="-24.224640" y="-32.325882">
   <element name="icon" layername="icon" frame="1" z_index="3" m_a="0.499985" m_b="0.000000" m_c="0.000000" m_d="0.499985" m_tx="1.326032" m_ty="-0.475004"/>
  </frame>
  <frame idx="300" w="76" h="101" x="-24.224640" y="-32.325882">
   <element name="icon" layername="icon" frame="1" z_index="3" m_a="0.499985" m_b="0.000000" m_c="0.000000" m_d="0.499985" m_tx="1.326032" m_ty="-0.475004"/>
  </frame>
  <frame idx="325" w="76" h="101" x="-24.224640" y="-32.325882">
   <element name="icon" layername="icon" frame="1" z_index="3" m_a="0.499985" m_b="0.000000" m_c="0.000000" m_d="0.499985" m_tx="1.326032" m_ty="-0.475004"/>
  </frame>
  <frame idx="350" w="76" h="101" x="-24.224640" y="-32.325882">
   <element name="icon" layername="icon" frame="1" z_index="3" m_a="0.499985" m_b="0.000000" m_c="0.000000" m_d="0.499985" m_tx="1.326032" m_ty="-0.475004"/>
  </frame>
  <frame idx="375" w="76" h="101" x="-24.224640" y="-32.325882">
   <element name="icon" layername="icon" frame="1" z_index="3" m_a="0.499985" m_b="0.000000" m_c="0.000000" m_d="0.499985" m_tx="1.326032" m_ty="-0.475004"/>
  </frame>
  <frame idx="400" w="76" h="101" x="-24.224640" y="-32.325882">
   <element name="icon" layername="icon" frame="1" z_index="3" m_a="0.499985" m_b="0.000000" m_c="0.000000" m_d="0.499985" m_tx="1.326032" m_ty="-0.475004"/>
  </frame>
  <frame idx="425" w="75" h="101" x="-23.499470" y="-32.253418">
   <element name="icon" layername="icon" frame="1" z_index="3" m_a="0.499985" m_b="0.000000" m_c="0.000000" m_d="0.499985" m_tx="2.051201" m_ty="-0.402541"/>
  </frame>
  <frame idx="450" w="74" h="101" x="-22.295715" y="-32.121296">
   <element name="icon" layername="icon" frame="1" z_index="3" m_a="0.499985" m_b="0.000000" m_c="0.000000" m_d="0.499985" m_tx="3.254954" m_ty="-0.270421"/>
  </frame>
  <frame idx="475" w="73" h="97" x="-23.123573" y="-31.211197">
   <element name="icon" layername="icon" frame="2" z_index="3" m_a="0.499985" m_b="0.000000" m_c="0.000000" m_d="0.499985" m_tx="3.227017" m_ty="-0.260392"/>
  </frame>
  <frame idx="500" w="73" h="97" x="-23.123573" y="-31.211197">
   <element name="icon" layername="icon" frame="2" z_index="3" m_a="0.499985" m_b="0.000000" m_c="0.000000" m_d="0.499985" m_tx="3.227017" m_ty="-0.260392"/>
  </frame>
  <frame idx="525" w="73" h="97" x="-23.123573" y="-31.211197">
   <element name="icon" layername="icon" frame="2" z_index="3" m_a="0.499985" m_b="0.000000" m_c="0.000000" m_d="0.499985" m_tx="3.227017" m_ty="-0.260392"/>
  </frame>
  <frame idx="550" w="73" h="97" x="-23.123573" y="-31.211197">
   <element name="icon" layername="icon" frame="2" z_index="3" m_a="0.499985" m_b="0.000000" m_c="0.000000" m_d="0.499985" m_tx="3.227017" m_ty="-0.260392"/>
  </frame>
  <frame idx="575" w="73" h="97" x="-23.123573" y="-31.211197">
   <element name="icon" layername="icon" frame="2" z_index="3" m_a="0.499985" m_b="0.000000" m_c="0.000000" m_d="0.499985" m_tx="3.227017" m_ty="-0.260392"/>
  </frame>
  <frame idx="600" w="73" h="97" x="-23.123573" y="-31.211197">
   <element name="icon" layername="icon" frame="2" z_index="3" m_a="0.499985" m_b="0.000000" m_c="0.000000" m_d="0.499985" m_tx="3.227017" m_ty="-0.260392"/>
  </frame>
  <frame idx="625" w="71" h="97" x="-21.820652" y="-31.096485">
   <element name="icon" layername="icon" frame="2" z_index="3" m_a="0.499985" m_b="0.000000" m_c="0.000000" m_d="0.499985" m_tx="4.529939" m_ty="-0.145681"/>
  </frame>
  <frame idx="650" w="69" h="96" x="-19.999767" y="-30.894405">
   <element name="icon" layername="icon" frame="2" z_index="3" m_a="0.499985" m_b="0.000000" m_c="0.000000" m_d="0.499985" m_tx="6.350822" m_ty="0.056401"/>
  </frame>
  <frame idx="675" w="62" h="97" x="-19.820303" y="-31.211208">
   <element name="icon" layername="icon" frame="3" z_index="3" m_a="0.499985" m_b="0.000000" m_c="0.000000" m_d="0.499985" m_tx="5.930243" m_ty="0.064622"/>
  </frame>
  <frame idx="700" w="62" h="97" x="-19.820303" y="-31.211208">
   <element name="icon" layername="icon" frame="3" z_index="3" m_a="0.499985" m_b="0.000000" m_c="0.000000" m_d="0.499985" m_tx="5.930243" m_ty="0.064622"/>
  </frame>
 </anim>
 <anim name="open" root="status_lonely" numframes="175" framerate="40">
  <frame idx="0" w="79" h="72" x="-26.361036" y="-58.541664">
   <element name="icon" layername="icon" frame="0" z_index="3" m_a="0.477478" m_b="0.000000" m_c="0.000000" m_d="0.047989" m_tx="0.000000" m_ty="0.000000"/>
  </frame>
  <frame idx="25" w="79" h="77" x="-25.948542" y="-53.415115">
   <element name="icon" layername="icon" frame="0" z_index="3" m_a="0.485646" m_b="0.000000" m_c="0.000000" m_d="0.135110" m_tx="0.036765" m_ty="0.073529"/>
  </frame>
  <frame idx="50" w="80" h="90" x="-25.079664" y="-41.620964">
   <element name="icon" layername="icon" frame="0" z_index="3" m_a="0.504774" m_b="0.000000" m_c="0.000000" m_d="0.338837" m_tx="0.025758" m_ty="0.051515"/>
  </frame>
  <frame idx="75" w="81" h="102" x="-24.474936" y="-31.622610">
   <element name="icon" layername="icon" frame="0" z_index="3" m_a="0.518459" m_b="0.000000" m_c="0.000000" m_d="0.512076" m_tx="0.000991" m_ty="0.001981"/>
  </frame>
  <frame idx="100" w="80" h="101" x="-24.877214" y="-31.760395">
   <element name="icon" layername="icon" frame="0" z_index="3" m_a="0.509735" m_b="0.000000" m_c="0.000000" m_d="0.509735" m_tx="0.000000" m_ty="0.000000"/>
  </frame>
  <frame idx="125" w="80" h="101" x="-25.124924" y="-32.072723">
   <element name="icon" layername="icon" frame="0" z_index="3" m_a="0.504350" m_b="0.000000" m_c="0.000000" m_d="0.504350" m_tx="0.000000" m_ty="0.000000"/>
  </frame>
  <frame idx="150" w="80" h="101" x="-25.268213" y="-32.253395">
   <element name="icon" layername="icon" frame="0" z_index="3" m_a="0.501235" m_b="0.000000" m_c="0.000000" m_d="0.501235" m_tx="0.000000" m_ty="0.000000"/>
  </frame>
 </anim>
</Anims>
