<Anims>
 <anim name="idle" root="tank_fire_axe" numframes="1000" framerate="40">
  <frame idx="0" w="585" h="685" x="-30.884491" y="-121.526001">
   <element name="image" layername="image" frame="0" z_index="2" m_a="1.000000" m_b="0.000000" m_c="0.000000" m_d="1.000000" m_tx="-2.000000" m_ty="-3.000000"/>
  </frame>
  <frame idx="25" w="585" h="685" x="-30.884491" y="-121.526001">
   <element name="image" layername="image" frame="0" z_index="2" m_a="1.000000" m_b="0.000000" m_c="0.000000" m_d="1.000000" m_tx="-2.000000" m_ty="-3.000000"/>
  </frame>
  <frame idx="50" w="585" h="685" x="-30.884491" y="-121.526001">
   <element name="image" layername="image" frame="0" z_index="2" m_a="1.000000" m_b="0.000000" m_c="0.000000" m_d="1.000000" m_tx="-2.000000" m_ty="-3.000000"/>
  </frame>
  <frame idx="75" w="585" h="685" x="-30.884491" y="-121.526001">
   <element name="image" layername="image" frame="0" z_index="2" m_a="1.000000" m_b="0.000000" m_c="0.000000" m_d="1.000000" m_tx="-2.000000" m_ty="-3.000000"/>
  </frame>
  <frame idx="100" w="585" h="685" x="-30.884491" y="-121.526001">
   <element name="image" layername="image" frame="0" z_index="2" m_a="1.000000" m_b="0.000000" m_c="0.000000" m_d="1.000000" m_tx="-2.000000" m_ty="-3.000000"/>
  </frame>
  <frame idx="125" w="585" h="685" x="-30.884491" y="-121.526001">
   <element name="image" layername="image" frame="0" z_index="2" m_a="1.000000" m_b="0.000000" m_c="0.000000" m_d="1.000000" m_tx="-2.000000" m_ty="-3.000000"/>
  </frame>
  <frame idx="150" w="585" h="685" x="-30.884491" y="-121.526001">
   <element name="image" layername="image" frame="0" z_index="2" m_a="1.000000" m_b="0.000000" m_c="0.000000" m_d="1.000000" m_tx="-2.000000" m_ty="-3.000000"/>
  </frame>
  <frame idx="175" w="585" h="685" x="-30.884491" y="-121.526001">
   <element name="image" layername="image" frame="0" z_index="2" m_a="1.000000" m_b="0.000000" m_c="0.000000" m_d="1.000000" m_tx="-2.000000" m_ty="-3.000000"/>
  </frame>
  <frame idx="200" w="585" h="685" x="-30.884491" y="-121.526001">
   <element name="image" layername="image" frame="0" z_index="2" m_a="1.000000" m_b="0.000000" m_c="0.000000" m_d="1.000000" m_tx="-2.000000" m_ty="-3.000000"/>
  </frame>
  <frame idx="225" w="585" h="685" x="-30.884491" y="-121.526001">
   <element name="image" layername="image" frame="0" z_index="2" m_a="1.000000" m_b="0.000000" m_c="0.000000" m_d="1.000000" m_tx="-2.000000" m_ty="-3.000000"/>
  </frame>
  <frame idx="250" w="585" h="685" x="-30.884491" y="-121.526001">
   <element name="image" layername="image" frame="0" z_index="2" m_a="1.000000" m_b="0.000000" m_c="0.000000" m_d="1.000000" m_tx="-2.000000" m_ty="-3.000000"/>
  </frame>
  <frame idx="275" w="585" h="685" x="-30.884491" y="-121.526001">
   <element name="image" layername="image" frame="0" z_index="2" m_a="1.000000" m_b="0.000000" m_c="0.000000" m_d="1.000000" m_tx="-2.000000" m_ty="-3.000000"/>
  </frame>
  <frame idx="300" w="585" h="685" x="-30.884491" y="-121.526001">
   <element name="image" layername="image" frame="0" z_index="2" m_a="1.000000" m_b="0.000000" m_c="0.000000" m_d="1.000000" m_tx="-2.000000" m_ty="-3.000000"/>
  </frame>
  <frame idx="325" w="585" h="685" x="-30.884491" y="-121.526001">
   <element name="image" layername="image" frame="0" z_index="2" m_a="1.000000" m_b="0.000000" m_c="0.000000" m_d="1.000000" m_tx="-2.000000" m_ty="-3.000000"/>
  </frame>
  <frame idx="350" w="585" h="685" x="-30.884491" y="-121.526001">
   <element name="image" layername="image" frame="0" z_index="2" m_a="1.000000" m_b="0.000000" m_c="0.000000" m_d="1.000000" m_tx="-2.000000" m_ty="-3.000000"/>
  </frame>
  <frame idx="375" w="585" h="685" x="-30.884491" y="-121.526001">
   <element name="image" layername="image" frame="0" z_index="2" m_a="1.000000" m_b="0.000000" m_c="0.000000" m_d="1.000000" m_tx="-2.000000" m_ty="-3.000000"/>
  </frame>
  <frame idx="400" w="585" h="685" x="-30.884491" y="-121.526001">
   <element name="image" layername="image" frame="0" z_index="2" m_a="1.000000" m_b="0.000000" m_c="0.000000" m_d="1.000000" m_tx="-2.000000" m_ty="-3.000000"/>
  </frame>
  <frame idx="425" w="585" h="685" x="-30.884491" y="-121.526001">
   <element name="image" layername="image" frame="0" z_index="2" m_a="1.000000" m_b="0.000000" m_c="0.000000" m_d="1.000000" m_tx="-2.000000" m_ty="-3.000000"/>
  </frame>
  <frame idx="450" w="585" h="685" x="-30.884491" y="-121.526001">
   <element name="image" layername="image" frame="0" z_index="2" m_a="1.000000" m_b="0.000000" m_c="0.000000" m_d="1.000000" m_tx="-2.000000" m_ty="-3.000000"/>
  </frame>
  <frame idx="475" w="585" h="685" x="-30.884491" y="-121.526001">
   <element name="image" layername="image" frame="0" z_index="2" m_a="1.000000" m_b="0.000000" m_c="0.000000" m_d="1.000000" m_tx="-2.000000" m_ty="-3.000000"/>
  </frame>
  <frame idx="500" w="585" h="685" x="-30.884491" y="-121.526001">
   <element name="image" layername="image" frame="0" z_index="2" m_a="1.000000" m_b="0.000000" m_c="0.000000" m_d="1.000000" m_tx="-2.000000" m_ty="-3.000000"/>
  </frame>
  <frame idx="525" w="585" h="685" x="-30.884491" y="-121.526001">
   <element name="image" layername="image" frame="0" z_index="2" m_a="1.000000" m_b="0.000000" m_c="0.000000" m_d="1.000000" m_tx="-2.000000" m_ty="-3.000000"/>
  </frame>
  <frame idx="550" w="585" h="685" x="-30.884491" y="-121.526001">
   <element name="image" layername="image" frame="0" z_index="2" m_a="1.000000" m_b="0.000000" m_c="0.000000" m_d="1.000000" m_tx="-2.000000" m_ty="-3.000000"/>
  </frame>
  <frame idx="575" w="585" h="685" x="-30.884491" y="-121.526001">
   <element name="image" layername="image" frame="0" z_index="2" m_a="1.000000" m_b="0.000000" m_c="0.000000" m_d="1.000000" m_tx="-2.000000" m_ty="-3.000000"/>
  </frame>
  <frame idx="600" w="585" h="685" x="-30.884491" y="-121.526001">
   <element name="image" layername="image" frame="0" z_index="2" m_a="1.000000" m_b="0.000000" m_c="0.000000" m_d="1.000000" m_tx="-2.000000" m_ty="-3.000000"/>
  </frame>
  <frame idx="625" w="585" h="685" x="-30.884491" y="-121.526001">
   <element name="image" layername="image" frame="0" z_index="2" m_a="1.000000" m_b="0.000000" m_c="0.000000" m_d="1.000000" m_tx="-2.000000" m_ty="-3.000000"/>
  </frame>
  <frame idx="650" w="585" h="685" x="-30.884491" y="-121.526001">
   <element name="image" layername="image" frame="0" z_index="2" m_a="1.000000" m_b="0.000000" m_c="0.000000" m_d="1.000000" m_tx="-2.000000" m_ty="-3.000000"/>
  </frame>
  <frame idx="675" w="585" h="685" x="-30.884491" y="-121.526001">
   <element name="image" layername="image" frame="0" z_index="2" m_a="1.000000" m_b="0.000000" m_c="0.000000" m_d="1.000000" m_tx="-2.000000" m_ty="-3.000000"/>
  </frame>
  <frame idx="700" w="585" h="685" x="-30.884491" y="-121.526001">
   <element name="image" layername="image" frame="0" z_index="2" m_a="1.000000" m_b="0.000000" m_c="0.000000" m_d="1.000000" m_tx="-2.000000" m_ty="-3.000000"/>
  </frame>
  <frame idx="725" w="585" h="685" x="-30.884491" y="-121.526001">
   <element name="image" layername="image" frame="0" z_index="2" m_a="1.000000" m_b="0.000000" m_c="0.000000" m_d="1.000000" m_tx="-2.000000" m_ty="-3.000000"/>
  </frame>
  <frame idx="750" w="585" h="685" x="-30.884491" y="-121.526001">
   <element name="image" layername="image" frame="0" z_index="2" m_a="1.000000" m_b="0.000000" m_c="0.000000" m_d="1.000000" m_tx="-2.000000" m_ty="-3.000000"/>
  </frame>
  <frame idx="775" w="585" h="685" x="-30.884491" y="-121.526001">
   <element name="image" layername="image" frame="0" z_index="2" m_a="1.000000" m_b="0.000000" m_c="0.000000" m_d="1.000000" m_tx="-2.000000" m_ty="-3.000000"/>
  </frame>
  <frame idx="800" w="585" h="685" x="-30.884491" y="-121.526001">
   <element name="image" layername="image" frame="0" z_index="2" m_a="1.000000" m_b="0.000000" m_c="0.000000" m_d="1.000000" m_tx="-2.000000" m_ty="-3.000000"/>
  </frame>
  <frame idx="825" w="585" h="685" x="-30.884491" y="-121.526001">
   <element name="image" layername="image" frame="0" z_index="2" m_a="1.000000" m_b="0.000000" m_c="0.000000" m_d="1.000000" m_tx="-2.000000" m_ty="-3.000000"/>
  </frame>
  <frame idx="850" w="585" h="685" x="-30.884491" y="-121.526001">
   <element name="image" layername="image" frame="0" z_index="2" m_a="1.000000" m_b="0.000000" m_c="0.000000" m_d="1.000000" m_tx="-2.000000" m_ty="-3.000000"/>
  </frame>
  <frame idx="875" w="585" h="685" x="-30.884491" y="-121.526001">
   <element name="image" layername="image" frame="0" z_index="2" m_a="1.000000" m_b="0.000000" m_c="0.000000" m_d="1.000000" m_tx="-2.000000" m_ty="-3.000000"/>
  </frame>
  <frame idx="900" w="585" h="685" x="-30.884491" y="-121.526001">
   <element name="image" layername="image" frame="0" z_index="2" m_a="1.000000" m_b="0.000000" m_c="0.000000" m_d="1.000000" m_tx="-2.000000" m_ty="-3.000000"/>
  </frame>
  <frame idx="925" w="585" h="685" x="-30.884491" y="-121.526001">
   <element name="image" layername="image" frame="0" z_index="2" m_a="1.000000" m_b="0.000000" m_c="0.000000" m_d="1.000000" m_tx="-2.000000" m_ty="-3.000000"/>
  </frame>
  <frame idx="950" w="585" h="685" x="-30.884491" y="-121.526001">
   <element name="image" layername="image" frame="0" z_index="2" m_a="1.000000" m_b="0.000000" m_c="0.000000" m_d="1.000000" m_tx="-2.000000" m_ty="-3.000000"/>
  </frame>
  <frame idx="975" w="585" h="685" x="-30.884491" y="-121.526001">
   <element name="image" layername="image" frame="0" z_index="2" m_a="1.000000" m_b="0.000000" m_c="0.000000" m_d="1.000000" m_tx="-2.000000" m_ty="-3.000000"/>
  </frame>
 </anim>
 <anim name="spin_loop" root="tank_fire_axe" numframes="1000" framerate="40">
  <frame idx="0" w="281" h="282" x="1.575165" y="0.020813">
   <element name="image" layername="image" frame="1" z_index="2" m_a="1.000000" m_b="0.000000" m_c="0.000000" m_d="1.000000" m_tx="-126.424828" m_ty="-127.979179"/>
  </frame>
  <frame idx="25" w="322" h="323" x="1.558975" y="0.185272">
   <element name="image" layername="image" frame="1" z_index="2" m_a="0.987688" m_b="0.156434" m_c="-0.156434" m_d="0.987688" m_tx="-104.841530" m_ty="-146.262451"/>
  </frame>
  <frame idx="50" w="355" h="356" x="1.517227" y="0.345169">
   <element name="image" layername="image" frame="1" z_index="2" m_a="0.951057" m_b="0.309017" m_c="-0.309017" m_d="0.951057" m_tx="-80.663834" m_ty="-160.944244"/>
  </frame>
  <frame idx="75" w="378" h="379" x="1.451004" y="0.496597">
   <element name="image" layername="image" frame="1" z_index="2" m_a="0.891006" m_b="0.453991" m_c="-0.453991" m_d="0.891006" m_tx="-54.487038" m_ty="-171.663040"/>
  </frame>
  <frame idx="100" w="393" h="393" x="1.361877" y="0.635742">
   <element name="image" layername="image" frame="1" z_index="2" m_a="0.809017" m_b="0.587785" m_c="-0.587785" m_d="0.809017" m_tx="-26.955772" m_ty="-178.154938"/>
  </frame>
  <frame idx="125" w="398" h="399" x="1.252121" y="0.759262">
   <element name="image" layername="image" frame="1" z_index="2" m_a="0.707107" m_b="0.707107" m_c="-0.707107" m_d="0.707107" m_tx="1.252114" m_ty="-180.260056"/>
  </frame>
  <frame idx="150" w="393" h="393" x="1.124359" y="0.864105">
   <element name="image" layername="image" frame="1" z_index="2" m_a="0.587785" m_b="0.809017" m_c="-0.809017" m_d="0.587785" m_tx="29.442055" m_ty="-177.926575"/>
  </frame>
  <frame idx="175" w="379" h="379" x="0.981796" y="0.947647">
   <element name="image" layername="image" frame="1" z_index="2" m_a="0.453990" m_b="0.891007" m_c="-0.891007" m_d="0.453990" m_tx="56.919857" m_ty="-171.211960"/>
  </frame>
  <frame idx="200" w="355" h="355" x="0.827896" y="1.007858">
   <element name="image" layername="image" frame="1" z_index="2" m_a="0.309017" m_b="0.951057" m_c="-0.951057" m_d="0.309017" m_tx="83.008957" m_ty="-160.281540"/>
  </frame>
  <frame idx="225" w="323" h="322" x="0.666473" y="1.043304">
   <element name="image" layername="image" frame="1" z_index="2" m_a="0.156434" m_b="0.987688" m_c="-0.987688" m_d="0.156434" m_tx="107.066971" m_ty="-145.404434"/>
  </frame>
  <frame idx="250" w="282" h="281" x="0.501511" y="1.053009">
   <element name="image" layername="image" frame="1" z_index="2" m_a="0.000000" m_b="1.000000" m_c="-1.000000" m_d="0.000000" m_tx="128.501511" m_ty="-126.946991"/>
  </frame>
  <frame idx="275" w="323" h="322" x="0.337051" y="1.036804">
   <element name="image" layername="image" frame="1" z_index="2" m_a="-0.156435" m_b="0.987688" m_c="-0.987688" m_d="-0.156435" m_tx="146.784775" m_ty="-105.363686"/>
  </frame>
  <frame idx="300" w="356" h="355" x="0.177139" y="0.995056">
   <element name="image" layername="image" frame="1" z_index="2" m_a="-0.309017" m_b="0.951057" m_c="-0.951057" m_d="-0.309017" m_tx="161.466522" m_ty="-81.186050"/>
  </frame>
  <frame idx="325" w="380" h="379" x="0.025757" y="0.928833">
   <element name="image" layername="image" frame="1" z_index="2" m_a="-0.453990" m_b="0.891007" m_c="-0.891007" m_d="-0.453990" m_tx="172.185349" m_ty="-55.009274"/>
  </frame>
  <frame idx="350" w="394" h="393" x="-0.113434" y="0.839722">
   <element name="image" layername="image" frame="1" z_index="2" m_a="-0.587785" m_b="0.809017" m_c="-0.809017" m_d="-0.587785" m_tx="178.677246" m_ty="-27.477978"/>
  </frame>
  <frame idx="375" w="400" h="399" x="-0.236954" y="0.729950">
   <element name="image" layername="image" frame="1" z_index="2" m_a="-0.707107" m_b="0.707107" m_c="-0.707107" m_d="-0.707107" m_tx="180.782379" m_ty="0.729962"/>
  </frame>
  <frame idx="400" w="394" h="393" x="-0.341782" y="0.602203">
   <element name="image" layername="image" frame="1" z_index="2" m_a="-0.809017" m_b="0.587785" m_c="-0.587785" m_d="-0.809017" m_tx="178.448914" m_ty="28.919842"/>
  </frame>
  <frame idx="425" w="380" h="379" x="-0.425323" y="0.459625">
   <element name="image" layername="image" frame="1" z_index="2" m_a="-0.891007" m_b="0.453991" m_c="-0.453991" m_d="-0.891007" m_tx="171.734299" m_ty="56.397667"/>
  </frame>
  <frame idx="450" w="357" h="356" x="-0.485550" y="0.305725">
   <element name="image" layername="image" frame="1" z_index="2" m_a="-0.951057" m_b="0.309017" m_c="-0.309017" m_d="-0.951057" m_tx="160.803864" m_ty="82.486794"/>
  </frame>
  <frame idx="475" w="324" h="323" x="-0.520966" y="0.144302">
   <element name="image" layername="image" frame="1" z_index="2" m_a="-0.987688" m_b="0.156435" m_c="-0.156435" m_d="-0.987688" m_tx="145.926773" m_ty="106.544785"/>
  </frame>
  <frame idx="500" w="283" h="283" x="-0.530685" y="-0.020645">
   <element name="image" layername="image" frame="1" z_index="2" m_a="-1.000000" m_b="0.000000" m_c="-0.000000" m_d="-1.000000" m_tx="127.469330" m_ty="127.979340"/>
  </frame>
  <frame idx="525" w="324" h="324" x="-0.514465" y="-0.185120">
   <element name="image" layername="image" frame="1" z_index="2" m_a="-0.987688" m_b="-0.156434" m_c="0.156434" m_d="-0.987688" m_tx="105.886032" m_ty="146.262604"/>
  </frame>
  <frame idx="550" w="357" h="356" x="-0.472733" y="-0.345016">
   <element name="image" layername="image" frame="1" z_index="2" m_a="-0.951056" m_b="-0.309017" m_c="0.309017" m_d="-0.951056" m_tx="81.708313" m_ty="160.944397"/>
  </frame>
  <frame idx="575" w="380" h="380" x="-0.406509" y="-0.496429">
   <element name="image" layername="image" frame="1" z_index="2" m_a="-0.891007" m_b="-0.453990" m_c="0.453990" m_d="-0.891007" m_tx="55.531574" m_ty="171.663193"/>
  </frame>
  <frame idx="600" w="394" h="395" x="-0.317398" y="-0.635605">
   <element name="image" layername="image" frame="1" z_index="2" m_a="-0.809017" m_b="-0.587785" m_c="0.587785" m_d="-0.809017" m_tx="28.000282" m_ty="178.155090"/>
  </frame>
  <frame idx="625" w="400" h="400" x="-0.207611" y="-0.759125">
   <element name="image" layername="image" frame="1" z_index="2" m_a="-0.707107" m_b="-0.707107" m_c="0.707107" m_d="-0.707107" m_tx="-0.207618" m_ty="180.260208"/>
  </frame>
  <frame idx="650" w="394" h="395" x="-0.079865" y="-0.863953">
   <element name="image" layername="image" frame="1" z_index="2" m_a="-0.587785" m_b="-0.809017" m_c="0.809017" m_d="-0.587785" m_tx="-28.397499" m_ty="177.926743"/>
  </frame>
  <frame idx="675" w="380" h="381" x="0.062714" y="-0.947495">
   <element name="image" layername="image" frame="1" z_index="2" m_a="-0.453991" m_b="-0.891006" m_c="0.891006" m_d="-0.453991" m_tx="-55.875324" m_ty="171.212128"/>
  </frame>
  <frame idx="700" w="356" h="357" x="0.216599" y="-1.007721">
   <element name="image" layername="image" frame="1" z_index="2" m_a="-0.309017" m_b="-0.951056" m_c="0.951056" m_d="-0.309017" m_tx="-81.964447" m_ty="160.281693"/>
  </frame>
  <frame idx="725" w="323" h="324" x="0.378021" y="-1.043121">
   <element name="image" layername="image" frame="1" z_index="2" m_a="-0.156434" m_b="-0.987688" m_c="0.987688" m_d="-0.156434" m_tx="-106.022484" m_ty="145.404587"/>
  </frame>
  <frame idx="750" w="282" h="284" x="0.542992" y="-1.052841">
   <element name="image" layername="image" frame="1" z_index="2" m_a="-0.000000" m_b="-1.000000" m_c="1.000000" m_d="-0.000000" m_tx="-127.457008" m_ty="126.947166"/>
  </frame>
  <frame idx="775" w="323" h="324" x="0.707428" y="-1.036636">
   <element name="image" layername="image" frame="1" z_index="2" m_a="0.156434" m_b="-0.987688" m_c="0.987688" m_d="0.156434" m_tx="-145.740280" m_ty="105.363861"/>
  </frame>
  <frame idx="800" w="355" h="357" x="0.867355" y="-0.994904">
   <element name="image" layername="image" frame="1" z_index="2" m_a="0.309017" m_b="-0.951057" m_c="0.951057" m_d="0.309017" m_tx="-160.422073" m_ty="81.186165"/>
  </frame>
  <frame idx="825" w="379" h="381" x="1.018753" y="-0.928665">
   <element name="image" layername="image" frame="1" z_index="2" m_a="0.453990" m_b="-0.891007" m_c="0.891007" m_d="0.453990" m_tx="-171.140869" m_ty="55.009399"/>
  </frame>
  <frame idx="850" w="393" h="395" x="1.157928" y="-0.839569">
   <element name="image" layername="image" frame="1" z_index="2" m_a="0.587785" m_b="-0.809017" m_c="0.809017" m_d="0.587785" m_tx="-177.632767" m_ty="27.478100"/>
  </frame>
  <frame idx="875" w="398" h="400" x="1.281448" y="-0.729782">
   <element name="image" layername="image" frame="1" z_index="2" m_a="0.707107" m_b="-0.707107" m_c="0.707107" m_d="0.707107" m_tx="-179.737885" m_ty="-0.729785"/>
  </frame>
  <frame idx="900" w="393" h="395" x="1.386261" y="-0.602051">
   <element name="image" layername="image" frame="1" z_index="2" m_a="0.809017" m_b="-0.587785" m_c="0.587785" m_d="0.809017" m_tx="-177.404419" m_ty="-28.919704"/>
  </frame>
  <frame idx="925" w="378" h="380" x="1.469833" y="-0.459457">
   <element name="image" layername="image" frame="1" z_index="2" m_a="0.891007" m_b="-0.453991" m_c="0.453991" m_d="0.891007" m_tx="-170.689789" m_ty="-56.397511"/>
  </frame>
  <frame idx="950" w="355" h="356" x="1.530045" y="-0.305573">
   <element name="image" layername="image" frame="1" z_index="2" m_a="0.951057" m_b="-0.309017" m_c="0.309017" m_d="0.951057" m_tx="-159.759369" m_ty="-82.486626"/>
  </frame>
  <frame idx="975" w="322" h="324" x="1.565460" y="-0.144150">
   <element name="image" layername="image" frame="1" z_index="2" m_a="0.987688" m_b="-0.156434" m_c="0.156434" m_d="0.987688" m_tx="-144.882263" m_ty="-106.544640"/>
  </frame>
 </anim>
</Anims>
