<Anims>
 <anim name="idle" root="tank_fire_axe" numframes="1000" framerate="40">
  <frame idx="0" w="585" h="685" x="-30.884491" y="-121.526001">
   <element name="image" layername="image" frame="0" z_index="2" m_a="1.000000" m_b="0.000000" m_c="0.000000" m_d="1.000000" m_tx="-2.000000" m_ty="-3.000000"/>
  </frame>
  <frame idx="25" w="585" h="685" x="-30.884491" y="-121.526001">
   <element name="image" layername="image" frame="0" z_index="2" m_a="1.000000" m_b="0.000000" m_c="0.000000" m_d="1.000000" m_tx="-2.000000" m_ty="-3.000000"/>
  </frame>
  <frame idx="50" w="585" h="685" x="-30.884491" y="-121.526001">
   <element name="image" layername="image" frame="0" z_index="2" m_a="1.000000" m_b="0.000000" m_c="0.000000" m_d="1.000000" m_tx="-2.000000" m_ty="-3.000000"/>
  </frame>
  <frame idx="75" w="585" h="685" x="-30.884491" y="-121.526001">
   <element name="image" layername="image" frame="0" z_index="2" m_a="1.000000" m_b="0.000000" m_c="0.000000" m_d="1.000000" m_tx="-2.000000" m_ty="-3.000000"/>
  </frame>
  <frame idx="100" w="585" h="685" x="-30.884491" y="-121.526001">
   <element name="image" layername="image" frame="0" z_index="2" m_a="1.000000" m_b="0.000000" m_c="0.000000" m_d="1.000000" m_tx="-2.000000" m_ty="-3.000000"/>
  </frame>
  <frame idx="125" w="585" h="685" x="-30.884491" y="-121.526001">
   <element name="image" layername="image" frame="0" z_index="2" m_a="1.000000" m_b="0.000000" m_c="0.000000" m_d="1.000000" m_tx="-2.000000" m_ty="-3.000000"/>
  </frame>
  <frame idx="150" w="585" h="685" x="-30.884491" y="-121.526001">
   <element name="image" layername="image" frame="0" z_index="2" m_a="1.000000" m_b="0.000000" m_c="0.000000" m_d="1.000000" m_tx="-2.000000" m_ty="-3.000000"/>
  </frame>
  <frame idx="175" w="585" h="685" x="-30.884491" y="-121.526001">
   <element name="image" layername="image" frame="0" z_index="2" m_a="1.000000" m_b="0.000000" m_c="0.000000" m_d="1.000000" m_tx="-2.000000" m_ty="-3.000000"/>
  </frame>
  <frame idx="200" w="585" h="685" x="-30.884491" y="-121.526001">
   <element name="image" layername="image" frame="0" z_index="2" m_a="1.000000" m_b="0.000000" m_c="0.000000" m_d="1.000000" m_tx="-2.000000" m_ty="-3.000000"/>
  </frame>
  <frame idx="225" w="585" h="685" x="-30.884491" y="-121.526001">
   <element name="image" layername="image" frame="0" z_index="2" m_a="1.000000" m_b="0.000000" m_c="0.000000" m_d="1.000000" m_tx="-2.000000" m_ty="-3.000000"/>
  </frame>
  <frame idx="250" w="585" h="685" x="-30.884491" y="-121.526001">
   <element name="image" layername="image" frame="0" z_index="2" m_a="1.000000" m_b="0.000000" m_c="0.000000" m_d="1.000000" m_tx="-2.000000" m_ty="-3.000000"/>
  </frame>
  <frame idx="275" w="585" h="685" x="-30.884491" y="-121.526001">
   <element name="image" layername="image" frame="0" z_index="2" m_a="1.000000" m_b="0.000000" m_c="0.000000" m_d="1.000000" m_tx="-2.000000" m_ty="-3.000000"/>
  </frame>
  <frame idx="300" w="585" h="685" x="-30.884491" y="-121.526001">
   <element name="image" layername="image" frame="0" z_index="2" m_a="1.000000" m_b="0.000000" m_c="0.000000" m_d="1.000000" m_tx="-2.000000" m_ty="-3.000000"/>
  </frame>
  <frame idx="325" w="585" h="685" x="-30.884491" y="-121.526001">
   <element name="image" layername="image" frame="0" z_index="2" m_a="1.000000" m_b="0.000000" m_c="0.000000" m_d="1.000000" m_tx="-2.000000" m_ty="-3.000000"/>
  </frame>
  <frame idx="350" w="585" h="685" x="-30.884491" y="-121.526001">
   <element name="image" layername="image" frame="0" z_index="2" m_a="1.000000" m_b="0.000000" m_c="0.000000" m_d="1.000000" m_tx="-2.000000" m_ty="-3.000000"/>
  </frame>
  <frame idx="375" w="585" h="685" x="-30.884491" y="-121.526001">
   <element name="image" layername="image" frame="0" z_index="2" m_a="1.000000" m_b="0.000000" m_c="0.000000" m_d="1.000000" m_tx="-2.000000" m_ty="-3.000000"/>
  </frame>
  <frame idx="400" w="585" h="685" x="-30.884491" y="-121.526001">
   <element name="image" layername="image" frame="0" z_index="2" m_a="1.000000" m_b="0.000000" m_c="0.000000" m_d="1.000000" m_tx="-2.000000" m_ty="-3.000000"/>
  </frame>
  <frame idx="425" w="585" h="685" x="-30.884491" y="-121.526001">
   <element name="image" layername="image" frame="0" z_index="2" m_a="1.000000" m_b="0.000000" m_c="0.000000" m_d="1.000000" m_tx="-2.000000" m_ty="-3.000000"/>
  </frame>
  <frame idx="450" w="585" h="685" x="-30.884491" y="-121.526001">
   <element name="image" layername="image" frame="0" z_index="2" m_a="1.000000" m_b="0.000000" m_c="0.000000" m_d="1.000000" m_tx="-2.000000" m_ty="-3.000000"/>
  </frame>
  <frame idx="475" w="585" h="685" x="-30.884491" y="-121.526001">
   <element name="image" layername="image" frame="0" z_index="2" m_a="1.000000" m_b="0.000000" m_c="0.000000" m_d="1.000000" m_tx="-2.000000" m_ty="-3.000000"/>
  </frame>
  <frame idx="500" w="585" h="685" x="-30.884491" y="-121.526001">
   <element name="image" layername="image" frame="0" z_index="2" m_a="1.000000" m_b="0.000000" m_c="0.000000" m_d="1.000000" m_tx="-2.000000" m_ty="-3.000000"/>
  </frame>
  <frame idx="525" w="585" h="685" x="-30.884491" y="-121.526001">
   <element name="image" layername="image" frame="0" z_index="2" m_a="1.000000" m_b="0.000000" m_c="0.000000" m_d="1.000000" m_tx="-2.000000" m_ty="-3.000000"/>
  </frame>
  <frame idx="550" w="585" h="685" x="-30.884491" y="-121.526001">
   <element name="image" layername="image" frame="0" z_index="2" m_a="1.000000" m_b="0.000000" m_c="0.000000" m_d="1.000000" m_tx="-2.000000" m_ty="-3.000000"/>
  </frame>
  <frame idx="575" w="585" h="685" x="-30.884491" y="-121.526001">
   <element name="image" layername="image" frame="0" z_index="2" m_a="1.000000" m_b="0.000000" m_c="0.000000" m_d="1.000000" m_tx="-2.000000" m_ty="-3.000000"/>
  </frame>
  <frame idx="600" w="585" h="685" x="-30.884491" y="-121.526001">
   <element name="image" layername="image" frame="0" z_index="2" m_a="1.000000" m_b="0.000000" m_c="0.000000" m_d="1.000000" m_tx="-2.000000" m_ty="-3.000000"/>
  </frame>
  <frame idx="625" w="585" h="685" x="-30.884491" y="-121.526001">
   <element name="image" layername="image" frame="0" z_index="2" m_a="1.000000" m_b="0.000000" m_c="0.000000" m_d="1.000000" m_tx="-2.000000" m_ty="-3.000000"/>
  </frame>
  <frame idx="650" w="585" h="685" x="-30.884491" y="-121.526001">
   <element name="image" layername="image" frame="0" z_index="2" m_a="1.000000" m_b="0.000000" m_c="0.000000" m_d="1.000000" m_tx="-2.000000" m_ty="-3.000000"/>
  </frame>
  <frame idx="675" w="585" h="685" x="-30.884491" y="-121.526001">
   <element name="image" layername="image" frame="0" z_index="2" m_a="1.000000" m_b="0.000000" m_c="0.000000" m_d="1.000000" m_tx="-2.000000" m_ty="-3.000000"/>
  </frame>
  <frame idx="700" w="585" h="685" x="-30.884491" y="-121.526001">
   <element name="image" layername="image" frame="0" z_index="2" m_a="1.000000" m_b="0.000000" m_c="0.000000" m_d="1.000000" m_tx="-2.000000" m_ty="-3.000000"/>
  </frame>
  <frame idx="725" w="585" h="685" x="-30.884491" y="-121.526001">
   <element name="image" layername="image" frame="0" z_index="2" m_a="1.000000" m_b="0.000000" m_c="0.000000" m_d="1.000000" m_tx="-2.000000" m_ty="-3.000000"/>
  </frame>
  <frame idx="750" w="585" h="685" x="-30.884491" y="-121.526001">
   <element name="image" layername="image" frame="0" z_index="2" m_a="1.000000" m_b="0.000000" m_c="0.000000" m_d="1.000000" m_tx="-2.000000" m_ty="-3.000000"/>
  </frame>
  <frame idx="775" w="585" h="685" x="-30.884491" y="-121.526001">
   <element name="image" layername="image" frame="0" z_index="2" m_a="1.000000" m_b="0.000000" m_c="0.000000" m_d="1.000000" m_tx="-2.000000" m_ty="-3.000000"/>
  </frame>
  <frame idx="800" w="585" h="685" x="-30.884491" y="-121.526001">
   <element name="image" layername="image" frame="0" z_index="2" m_a="1.000000" m_b="0.000000" m_c="0.000000" m_d="1.000000" m_tx="-2.000000" m_ty="-3.000000"/>
  </frame>
  <frame idx="825" w="585" h="685" x="-30.884491" y="-121.526001">
   <element name="image" layername="image" frame="0" z_index="2" m_a="1.000000" m_b="0.000000" m_c="0.000000" m_d="1.000000" m_tx="-2.000000" m_ty="-3.000000"/>
  </frame>
  <frame idx="850" w="585" h="685" x="-30.884491" y="-121.526001">
   <element name="image" layername="image" frame="0" z_index="2" m_a="1.000000" m_b="0.000000" m_c="0.000000" m_d="1.000000" m_tx="-2.000000" m_ty="-3.000000"/>
  </frame>
  <frame idx="875" w="585" h="685" x="-30.884491" y="-121.526001">
   <element name="image" layername="image" frame="0" z_index="2" m_a="1.000000" m_b="0.000000" m_c="0.000000" m_d="1.000000" m_tx="-2.000000" m_ty="-3.000000"/>
  </frame>
  <frame idx="900" w="585" h="685" x="-30.884491" y="-121.526001">
   <element name="image" layername="image" frame="0" z_index="2" m_a="1.000000" m_b="0.000000" m_c="0.000000" m_d="1.000000" m_tx="-2.000000" m_ty="-3.000000"/>
  </frame>
  <frame idx="925" w="585" h="685" x="-30.884491" y="-121.526001">
   <element name="image" layername="image" frame="0" z_index="2" m_a="1.000000" m_b="0.000000" m_c="0.000000" m_d="1.000000" m_tx="-2.000000" m_ty="-3.000000"/>
  </frame>
  <frame idx="950" w="585" h="685" x="-30.884491" y="-121.526001">
   <element name="image" layername="image" frame="0" z_index="2" m_a="1.000000" m_b="0.000000" m_c="0.000000" m_d="1.000000" m_tx="-2.000000" m_ty="-3.000000"/>
  </frame>
  <frame idx="975" w="585" h="685" x="-30.884491" y="-121.526001">
   <element name="image" layername="image" frame="0" z_index="2" m_a="1.000000" m_b="0.000000" m_c="0.000000" m_d="1.000000" m_tx="-2.000000" m_ty="-3.000000"/>
  </frame>
 </anim>
 <anim name="spin_loop" root="tank_fire_axe" numframes="100" framerate="40">
  <frame idx="0" w="270" h="286" x="8.249908" y="-6.658302">
   <element name="image" layername="image-2" frame="2" z_index="2" m_a="0.686992" m_b="0.000000" m_c="0.000000" m_d="0.686639" m_tx="-118.156624" m_ty="-132.999878"/>
  </frame>
  <frame idx="25" w="272" h="270" x="6.662605" y="8.209503">
   <element name="image" layername="image-2" frame="2" z_index="2" m_a="0.000000" m_b="0.686992" m_c="-0.686639" m_d="0.000000" m_tx="133.004181" m_ty="-118.197029"/>
  </frame>
  <frame idx="50" w="289" h="272" x="-8.205170" y="6.622192">
   <element name="image" layername="image-2" frame="2" z_index="2" m_a="-0.686992" m_b="0.000000" m_c="-0.000000" m_d="-0.686639" m_tx="118.201363" m_ty="132.963760"/>
  </frame>
  <frame idx="75" w="286" h="289" x="-6.617905" y="-8.245583">
   <element name="image" layername="image-2" frame="2" z_index="2" m_a="-0.000000" m_b="-0.686992" m_c="0.686639" m_d="-0.000000" m_tx="-132.959473" m_ty="118.160950"/>
  </frame>
 </anim>
</Anims>
